{
  "block": [
    0,
    1,
    2,
    3,
    4,
    5,
    6,
    7,
    8,
    9,
    10,
    11,
    12,
    13,
    14,
    15,
    16,
    17,
    18,
    19,
    20,
    21,
    22,
    23,
    24,
    25,
    26,
    27,
    28,
    29,
    30,
    31,
    32,
    33,
    34,
    35,
    36,
    37,
    38,
    39,
    40,
    41,
    42,
    43,
    44,
    45,
    46,
    47,
    48,
    49,
    50,
    51,
    52,
    53,
    54,
    55,
    56,
    57,
    58,
    59,
    60,
    61,
    62,
    63,
    64,
    65,
    66,
    67,
    68,
    69,
    70,
    71,
    72,
    73,
    74,
    75,
    76,
    77,
    78,
    79,
    80,
    81,
    82,
    83,
    84,
    85,
    86,
    87,
    88,
    89,
    90,
    91,
    92,
    93,
    94,
    95,
    96,
    97,
    98,
    99,
    100,
    101,
    102,
    103,
    104,
    105,
    106,
    107,
    108,
    109,
    110,
    111,
    112,
    113,
    114,
    115,
    116,
    117,
    118,
    119,
    120,
    121,
    122,
    123,
    124,
    125,
    126,
    127,
    128,
    129,
    130,
    131,
    132,
    133,
    134,
    135,
    136,
    137,
    138,
    139,
    140,
    141,
    142,
    143,
    144,
    145,
    146,
    147,
    148,
    149
  ],
  "trust_score": [
    0.9759037248813673,
    0.9753020113711284,
    0.9767166511667176,
    0.9760046256566387,
    0.9761497141711889,
    0.9756705124406387,
    0.9754160582263733,
    0.9747300648425566,
    0.9741798174958459,
    0.9740663398812399,
    0.9734942957787438,
    0.9731961806120165,
    0.9720805315337919,
    0.971167506121615,
    0.97046994127111,
    0.9690098642666309,
    0.9668670739587978,
    0.9655409841691658,
    0.9635556907707982,
    0.9621806204499057,
    0.9598609167217524,
    0.9576449901246962,
    0.9545280824139248,
    0.9513148330836448,
    0.9476463080825336,
    0.9439677231645506,
    0.938823845448157,
    0.9346652310317752,
    0.9283606766837247,
    0.9233511830958607,
    0.9171886476697966,
    0.9087634156139555,
    0.9031535743094296,
    0.8939022200527467,
    0.8848649472510789,
    0.8755973872700473,
    0.8654079496532345,
    0.8548381203889144,
    0.8447850454671181,
    0.832852112307524,
    0.8189882295925143,
    0.80591801578092,
    0.7950645594987031,
    0.7827221668918847,
    0.7695030988062312,
    0.756539585579256,
    0.7450317420317126,
    0.733398721422984,
    0.7211945829125503,
    0.7073114030103687,
    0.6968953253532777,
    0.6569046777432758,
    0.5393142293845911,
    0.43576562339078895,
    0.3998728829002389,
    0.3895395852119088,
    0.38442874682728867,
    0.37988422671496036,
    0.3756369720438949,
    0.3716420600514465,
    0.3684400855533023,
    0.36561652587329985,
    0.3623430276369367,
    0.35988530128550134,
    0.35730829016363297,
    0.3545903854746133,
    0.35289887621749416,
    0.3512845045199299,
    0.35013211449982296,
    0.34824997428440063,
    0.3473384382083282,
    0.34651228257568945,
    0.3464287657758136,
    0.34531712431171036,
    0.34518663752988055,
    0.34469363471839587,
    0.34525362925043623,
    0.34529164603159246,
    0.3457807530903402,
    0.34666109617924434,
    0.34770333099213535,
    0.34828859410756563,
    0.3492764026646732,
    0.3512154542670036,
    0.3533287425559274,
    0.35559443529948076,
    0.3571685484736489,
    0.3590788427652132,
    0.36254423958043924,
    0.3651223127092391,
    0.3680583903088157,
    0.37170546766523793,
    0.3754588314022247,
    0.3798716485315097,
    0.38387061222841945,
    0.38887926803830886,
    0.3934256752013461,
    0.39960380842263743,
    0.4042822658106413,
    0.4101616107387861,
    0.4152599247229798,
    0.42126586198619287,
    0.4266924368327649,
    0.43313070653959085,
    0.4395031969118566,
    0.4445619509368748,
    0.4499214017392493,
    0.45475271180446675,
    0.4593464430937817,
    0.46432758120588313,
    0.46878193483164576,
    0.4726356700585733,
    0.4761648076896112,
    0.47936413551844237,
    0.4820910991581,
    0.484612791825058,
    0.4871311017903891,
    0.4892216542250979,
    0.4906456017695051,
    0.4918498151452051,
    0.4931892903844515,
    0.49431168890574007,
    0.4950736450384561,
    0.4956183538201886,
    0.49637279991604466,
    0.49692989816525834,
    0.49721150203875053,
    0.49773235444953345,
    0.49801831480269776,
    0.498308608001941,
    0.49849399891192847,
    0.49869235206771223,
    0.49881165312933895,
    0.4989419525215685,
    0.49901888163561525,
    0.49908986948679335,
    0.49922753002861253,
    0.4992445301459373,
    0.49931099607917606,
    0.4993707341195146,
    0.4994165667251199,
    0.49943115007206185,
    0.49944571818776917,
    0.49946937460770624,
    0.49946309711414383,
    0.4995128542892263,
    0.49952703466932924,
    0.499518648112802,
    0.4995371615891374,
    0.49951677608718814
  ],