{
  "ideal": {
    "empirical_h_output": 0.9999999999999711,
    "h_total_eat": 10403350.910003074,
    "certified_output_bits": 10403307,
    "delta_eat": 25029.99283345994,
    "blocks_used": 7,
    "sum_f_ei": 10428380.902836533,
    "h_total_progression": [
      1480302.7634446276,
      2967471.2473706547,
      4453449.110708667,
      5940446.571400334,
      7429169.58707735,
      8915731.620349303,
      10403350.910003074
    ],
    "delta_progression": [
      9460.844862695783,
      13380.502251362428,
      16386.43826897908,
      18920.630351596512,
      21154.803189801984,
      23172.359302606434,
      25029.99283345975
    ],
    "output_bits": 10000000,
    "expected_bits": 10000000
  },
  "small_bias": {
    "empirical_h_output": 0.9999998183623496,
    "h_total_eat": 10576183.690482393,
    "certified_output_bits": 10576140,
    "delta_eat": 26757.086340400492,
    "blocks_used": 8,
    "sum_f_ei": 10602940.776822794,
    "h_total_progression": [
      1316663.2330351921,
      2637629.910249357,
      3959712.4213774703,
      5282776.322485536,
      6604252.634597084,
      7925462.076858542,
      9251066.677787753,
      10576183.690482393
    ],
    "delta_progression": [
      9461.58574402146,
      13376.228130707517,
      16384.383020556066,
      18920.20627016481,
      21153.586325896904,
      23171.53288372606,
      25029.08354974538,
      26757.08634040132
    ],
    "output_bits": 10000000,
    "expected_bits": 10000000
  },
  "temporal_drift": {
    "empirical_h_output": 0.0,
    "h_total_eat": 0.0,
    "certified_output_bits": 0,
    "delta_eat": 0.0,
    "blocks_used": 0,
    "sum_f_ei": 0.0,
    "h_total_progression": [],
    "delta_progression": [],
    "output_bits": 0,
    "expected_bits": 10000000,
    "halted": true,
    "halt_reason": "System instability detected: trust_score=0.1497 < HALT_THRESHOLD=0.2. Extraction halted. h_min_certified=0.0968 is valid but operational policy requires halt."
  },
  "large_bias": {
    "empirical_h_output": 0.9999999755780582,
    "h_total_eat": 10856913.42672852,
    "certified_output_bits": 10856870,
    "delta_eat": 32771.262801622215,
    "blocks_used": 12,
    "sum_f_ei": 10889684.689530144,
    "h_total_progression": [
      898921.7647059022,
      1801978.3909405787,
      2706926.028611493,
      3612623.496472721,
      4515755.787873998,
      5419805.067227854,
      6326598.852877002,
      7233947.874220986,
      8140698.233261767,
      9048206.548901122,
      9951192.098637434,
      10856913.42672852
    ],
    "delta_progression": [
      9461.58574402146,
      13376.228130707517,
      16384.383020556066,
      18920.20627016481,
      21153.586325896904,
      23171.53288372606,
      25029.08354974538,
      26757.08634040039,
      28379.99856466241,
      29916.696702796966,
      31375.521073808894,
      32771.26280162297
    ],
    "output_bits": 10000000,
    "expected_bits": 10000000
  },
  "short_correlation": {
    "empirical_h_output": 0.999999938326402,
    "h_total_eat": 10400641.534335533,
    "certified_output_bits": 10400598,
    "delta_eat": 25029.085933231974,
    "blocks_used": 7,
    "sum_f_ei": 10425670.620268766,
    "h_total_progression": [
      1480935.9817928998,
      2964299.205372626,
      4451919.916544546,
      5938470.755244752,
      7425707.352879988,
      8913220.714367827,
      10400641.534335533
    ],
    "delta_progression": [
      9461.601506823674,
      13376.237050482072,
      16384.38666161336,
      18920.209423221648,
      21153.589146056212,
      23171.53545828536,
      25029.08593323268
    ],
    "output_bits": 10000000,
    "expected_bits": 10000000
  },
  "weak_attack": {
    "empirical_h_output": 0.9999999497249626,
    "h_total_eat": 10639578.11946334,
    "certified_output_bits": 10639535,
    "delta_eat": 26757.086340400492,
    "blocks_used": 8,
    "sum_f_ei": 10666335.20580374,
    "h_total_progression": [
      1324560.8347908126,
      2653400.5890878523,
      3983649.916633759,
      5314591.349689206,
      6643684.144558717,
      7973158.09196672,
      9306573.174702348,
      10639578.11946334
    ],
    "delta_progression": [
      9461.58574402146,
      13376.228130707517,
      16384.383020556066,
      18920.20627016481,
      21153.586325896904,
      23171.53288372606,
      25029.08354974538,
      26757.08634040132
    ],
    "output_bits": 10000000,
    "expected_bits": 10000000
  },
  "long_correlation": {
    "empirical_h_output": 0.9999999998059863,
    "h_total_eat": 10387870.235545382,
    "certified_output_bits": 10387827,
    "delta_eat": 25029.085933231974,
    "blocks_used": 7,
    "sum_f_ei": 10412899.321478615,
    "h_total_progression": [
      1475857.5176470412,
      2960647.977926023,
      4445637.161736105,
      5930901.448296374,
      7415612.1365563115,
      8900529.865098495,
      10387870.235545382
    ],
    "delta_progression": [
      9461.601506823674,
      13376.237050482072,
      16384.38666161336,
      18920.209423221648,
      21153.589146056212,
      23171.53545828536,
      25029.08593323268
    ],
    "output_bits": 10000000,
    "expected_bits": 10000000
  },
  "strong_attack": {
    "empirical_h_output": 0.9999999397523329,
    "h_total_eat": 10908146.624072306,
    "certified_output_bits": 10908103,
    "delta_eat": 29916.69670279698,
    "blocks_used": 10,
    "sum_f_ei": 10938063.320775103,
    "h_total_progression": [
      1085267.5656141045,
      2174577.8045149446,
      3264337.480756226,
      4356128.867477701,
      5445825.342881507,
      6536117.095175796,
      7629170.211769514,
      8722501.767641392,
      9814804.189653186,
      10908146.624072306
    ],
    "delta_progression": [
      9461.58574402146,
      13376.228130707517,
      16384.383020556066,
      18920.20627016481,
      21153.586325896904,
      23171.53288372606,
      25029.08354974538,
      26757.08634040132,
      28379.99856466241,
      29916.696702796966
    ],
    "output_bits": 10000000,
    "expected_bits": 10000000
  },
  "non_cooperative_weak": {
    "empirical_h_output": 0.9999999856588899,
    "h_total_eat": 11222454.737190738,
    "certified_output_bits": 11222411,
    "delta_eat": 26757.086340400492,
    "blocks_used": 8,
    "sum_f_ei": 11249211.82353114,
    "h_total_progression": [
      1396703.8187860474,
      2798248.786445001,
      4201403.465905278,
      5605309.441199536,
      7007713.503191885,
      8409438.34638351,
      9816016.942048414,
      11222454.737190738
    ],
    "delta_progression": [
      9461.58574402146,
      13376.228130707517,
      16384.3830205556,
      18920.20627016481,
      21153.586325896904,
      23171.53288372606,
      25029.08354974538,
      26757.08634040132
    ],
    "output_bits": 10000000,
    "expected_bits": 10000000
  },
  "non_cooperative_strong": {
    "empirical_h_output": 0.9999996719200429,
    "h_total_eat": 10536033.128921509,
    "certified_output_bits": 10535990,
    "delta_eat": 28379.998564662445,
    "blocks_used": 9,
    "sum_f_ei": 10564413.127486171,
    "h_total_progression": [
      1165804.6348269007,
      2335192.819471448,
      3506087.143980754,
      4677562.006534194,
      5847119.616893115,
      7017270.915890216,
      8190230.132903142,
      9363326.435730822,
      10536033.128921509
    ],
    "delta_progression": [
      9461.58574402146,
      13376.228130707517,
      16384.383020556066,
      18920.20627016481,
      21153.586325896904,
      23171.53288372606,
      25029.08354974538,
      26757.08634040132,
      28379.99856466241
    ],
    "output_bits": 10000000,
    "expected_bits": 10000000
  },
  "degraded_photon": {
    "empirical_h_output": 0.9999999555626551,
    "h_total_eat": 10670733.712047303,
    "certified_output_bits": 10670690,
    "delta_eat": 35395.576147301035,
    "blocks_used": 14,
    "sum_f_ei": 10706129.288194604,