{
  "block": [
    0,
    1,
    2,
    3,
    4,
    5,
    6,
    7,
    8,
    9,
    10,
    11,
    12,
    13,
    14,
    15,
    16,
    17,
    18,
    19,
    20,
    21,
    22,
    23,
    24,
    25,
    26,
    27,
    28,
    29,
    30,
    31,
    32,
    33,
    34,
    35,
    36,
    37,
    38,
    39,
    40,
    41,
    42,
    43,
    44,
    45,
    46,
    47,
    48,
    49,
    50,
    51,
    52,
    53,
    54,
    55,
    56,
    57,
    58,
    59,
    60,
    61,
    62,
    63,
    64,
    65,
    66,
    67,
    68,
    69,
    70,
    71,
    72,
    73,
    74,
    75,
    76,
    77,
    78,
    79,
    80,
    81,
    82,
    83,
    84,
    85,
    86,
    87,
    88,
    89,
    90,
    91,
    92,
    93,
    94,
    95,
    96,
    97,
    98,
    99,
    100,
    101,
    102,
    103,
    104,
    105,
    106,
    107,
    108,
    109,
    110,
    111,
    112,
    113,
    114,
    115,
    116,
    117,
    118,
    119,
    120,
    121,
    122,
    123,
    124,
    125,
    126,
    127,
    128,
    129,
    130,
    131,
    132,
    133,
    134,
    135,
    136,
    137,
    138,
    139,
    140,
    141,
    142,
    143,
    144,
    145,
    146,
    147,
    148,
    149
  ],
  "trust_score": [
    0.9610328060450916,
    0.960909709778865,
    0.9610197880893091,
    0.9609277961481053,
    0.9603208055332425,
    0.9598323800637906,
    0.9600149359653463,
    0.9591110581287806,
    0.9580838301763138,
    0.9573642985309039,
    0.9562564551194546,
    0.954844702714781,
    0.9527718989904348,
    0.952095480142474,
    0.9512304294957227,
    0.9488050924959719,
    0.9462802499347307,
    0.9444181135540357,
    0.9418412428626176,
    0.9385652736121369,
    0.9355006847067733,
    0.9308369944763192,
    0.9281171042086939,
    0.9222177867551593,
    0.9172063314833683,
    0.9126518384799386,
    0.9067165992121055,
    0.89898131236734,
    0.8912779699376528,
    0.8840033193280459,
    0.8756301314495568,
    0.8679547064304465,
    0.859007604405309,
    0.8485549598576516,
    0.8357684162209036,
    0.8247833492840676,
    0.8133871962169108,
    0.8017198321089605,
    0.7903622834418067,
    0.7764689228019858,
    0.7632925628149724,
    0.7520652837696772,
    0.7381919030050511,
    0.7166022726931791,
    0.7093589134711149,
    0.6950104384004374,
    0.6801802632496086,
    0.6681463716372391,
    0.6518639154099883,
    0.6427984361252201,
    0.6145659351020923,
    0.5924619301174218,
    0.49638118479207805,
    0.39548698264954774,
    0.3591327987321732,
    0.3440377078050535,
    0.339279352522562,
    0.332059064874629,
    0.3281926245826502,
    0.32424734709682423,
    0.31919696438096234,
    0.30920264445504086,
    0.30880624453023386,
    0.30575928495542326,
    0.30080409746553205,
    0.2998547403418149,
    0.2939496233617991,
    0.29214527761020026,
    0.29131831905329464,
    0.2891929170150731,
    0.2873336600976728,
    0.28484273262035087,
    0.28367264074964693,
    0.28311674307379175,
    0.28382205158463547,
    0.2833514302212552,
    0.28372324602731813,
    0.28181505368599413,
    0.28536151378731656,
    0.285033031564941,
    0.2857515255750308,
    0.28868042403115723,
    0.2892678416807837,
    0.29415183433349734,
    0.29465328642856525,
    0.2956414838472572,
    0.29912377644376653,
    0.3056971959369237,
    0.30948169938923764,
    0.3123283477726666,
    0.3167610051253207,
    0.3212153736929525,
    0.3270376545727456,
    0.33018521600339445,
    0.33838005234680846,
    0.3453625628967236,
    0.35194625674852287,
    0.35600391644977414,
    0.36338536002590904,
    0.3702852126155576,
    0.37847429344653605,
    0.38537734469076057,
    0.39359664698251995,
    0.4010563638933464,
    0.40699373848037024,
    0.4127883460274958,
    0.4213890164765808,
    0.426965616822752,
    0.4337373154667207,
    0.44129326221780873,
    0.4471341832129806,
    0.4522469141202732,
    0.4572197977907504,
    0.46242690279438015,
    0.4668680705139171,
    0.47060347207634035,
    0.47480665649794296,
    0.4773223548254141,
    0.48039436180595485,
    0.48246518172457364,
    0.48514634975658766,
    0.4870613291199901,
    0.48810564758584873,
    0.4900576052348914,
    0.49128381845196556,
    0.49235985643207814,
    0.4933826902207381,
    0.49406257954068666,
    0.49485318175129733,
    0.4954171442321177,
    0.495745887761212,
    0.4963073932757769,
    0.49669397056369324,
    0.49696673491348553,
    0.4972341793662999,
    0.49737968120368903,
    0.497637513245765,
    0.4978196703404326,
    0.4979845330520577,
    0.4980515149283662,
    0.4981823453391605,
    0.49826057861590434,
    0.4983668636701566,
    0.498355680657829,
    0.49846036988701936,
    0.4984825900352623,
    0.4985030416492853,
    0.49853554884202056,
    0.4985788156396256,
    0.49856320448466207
  ],