{
  "0.05": {
    "bias": 0.05,
    "te_h_min": 0.8857994263271212,
    "te_extraction_rate": 0.8857907916177741,
    "te_trust_score": 0.9329896098185586,
    "si_h_min": 0.8850489983137249,
    "si_extraction_rate": 0.8850402209508748,
    "divergence": -0.0007505706668993195
  },
  "0.1": {
    "bias": 0.1,
    "te_h_min": 0.7846073817409194,
    "te_extraction_rate": 0.7845986460638352,
    "te_trust_score": 0.8793719727305254,
    "si_h_min": 0.7837303377144937,
    "si_extraction_rate": 0.7837215638387036,
    "divergence": -0.000877082225131609
  },
  "0.15": {
    "bias": 0.15,
    "te_h_min": 0.691508653963346,
    "te_extraction_rate": 0.6915000318060177,
    "te_trust_score": 0.793812535076109,
    "si_h_min": 0.6907862776278327,
    "si_extraction_rate": 0.6907775157658571,
    "divergence": -0.0007225160401606034
  },
  "0.2": {
    "bias": 0.2,
    "te_h_min": 0.6068586000491951,
    "te_extraction_rate": 0.6068498159851844,
    "te_trust_score": 0.6854827351771768,
    "si_h_min": 0.6059915158972567,
    "si_extraction_rate": 0.6059828002289145,
    "divergence": -0.0008670157562699066
  },
  "0.25": {
    "bias": 0.25,
    "te_h_min": 0.5298288409163665,
    "te_extraction_rate": 0.5298200419519373,
    "te_trust_score": 0.5738798533095957,
    "si_h_min": 0.5291156483833097,
    "si_extraction_rate": 0.5291069435735329,
    "divergence": -0.0007130983784043865
  },
  "0.3": {
    "bias": 0.3,
    "te_h_min": 0.4603477674905192,
    "te_extraction_rate": 0.4603390961569929,
    "te_trust_score": 0.4832137611017747,
    "si_h_min": 0.4597070097078523,
    "si_extraction_rate": 0.4596983933407706,
    "divergence": -0.000640702816222305
  },
  "0.35": {
    "bias": 0.35,
    "te_h_min": 0.3974706950747981,
    "te_extraction_rate": 0.3974619998103641,
    "te_trust_score": 0.4151713743771658,
    "si_h_min": 0.39685863603637234,
    "si_extraction_rate": 0.3968498469139218,
    "divergence": -0.0006121528964423417
  },
  "0.4": {
    "bias": 0.4,
    "te_h_min": 0.34132617752891686,
    "te_extraction_rate": 0.3413173772477753,
    "te_trust_score": 0.36870237747851864,
    "si_h_min": 0.340828851054766,
    "si_extraction_rate": 0.34082016238697943,
    "divergence": -0.0004972148607958471
  },
  "0.45": {
    "bias": 0.45,
    "te_h_min": 0.291457185404011,
    "te_extraction_rate": 0.29144854206415854,
    "te_trust_score": 0.33704266071999234,
    "si_h_min": 0.291019720503522,
    "si_extraction_rate": 0.29101106773266894,
    "divergence": -0.0004374743314896068
  }
}