{
  "small_bias": {
    "epsilon_bias": 0.06177039199054444,
    "epsilon_drift": 0.01798620996209156,
    "epsilon_corr": 0.10130585497308649,
    "epsilon_leak": 0.05732828643764233,
    "trust_score": 0.9335009515985936
  },
  "ideal": {
    "epsilon_bias": 0.032346699474368586,
    "epsilon_drift": 0.01798620996209156,
    "epsilon_corr": 0.04864322721947133,
    "epsilon_leak": 0.04745435500415874,
    "trust_score": 0.9613092644200469
  },
  "large_bias": {
    "epsilon_bias": 0.3190512190147358,
    "epsilon_drift": 0.01798620996209156,
    "epsilon_corr": 0.5362870111996977,
    "epsilon_leak": 0.09975724015364688,
    "trust_score": 0.6839017362242532
  },
  "temporal_drift": {
    "epsilon_bias": 0.9914874755239765,
    "epsilon_drift": 0.01798620996209156,
    "epsilon_corr": 0.998962282304288,
    "epsilon_leak": 0.9999999955828922,
    "trust_score": 0.13667842745271264
  },
  "short_correlation": {
    "epsilon_bias": 0.03237987116518454,
    "epsilon_drift": 0.01798620996209156,
    "epsilon_corr": 0.06651344954846548,
    "epsilon_leak": 0.047469629174662575,
    "trust_score": 0.9551408747569388
  },
  "long_correlation": {
    "epsilon_bias": 0.03230837513666496,
    "epsilon_drift": 0.01798620996209156,
    "epsilon_corr": 0.9999954021370039,
    "epsilon_leak": 0.04756209032707922,
    "trust_score": 0.49909574478145
  },
  "weak_attack": {
    "epsilon_bias": 0.059752963410686186,
    "epsilon_drift": 0.01798620996209156,
    "epsilon_corr": 0.10566941774784432,
    "epsilon_leak": 0.05872035821955802,
    "trust_score": 0.9319778956850038
  },
  "strong_attack": {
    "epsilon_bias": 0.1572354806652653,
    "epsilon_drift": 0.01798620996209156,
    "epsilon_corr": 0.40702036801855834,
    "epsilon_leak": 0.09020364179705351,
    "trust_score": 0.7770376841794497
  },
  "non_cooperative_weak": {
    "epsilon_bias": 0.044777826449364254,
    "epsilon_drift": 0.01798620996209156,
    "epsilon_corr": 0.07062785630138611,
    "epsilon_leak": 0.05215738190760402,
    "trust_score": 0.949906976375161
  },
  "non_cooperative_strong": {
    "epsilon_bias": 0.11384132587202389,
    "epsilon_drift": 0.01798620996209156,
    "epsilon_corr": 0.20024138022182342,
    "epsilon_leak": 0.06914327777432475,
    "trust_score": 0.879417295560662
  },
  "realistic_photon": {
    "epsilon_bias": 0.9677682695747378,
    "epsilon_drift": 0.01798620996209156,
    "epsilon_corr": 0.9935472778602905,
    "epsilon_leak": 0.3275998014273491,
    "trust_score": 0.2873716342680228
  },
  "degraded_photon": {
    "epsilon_bias": 0.49972077749084376,
    "epsilon_drift": 0.01798620996209156,
    "epsilon_corr": 0.7371030335668887,
    "epsilon_leak": 0.22693963534431486,
    "trust_score": 0.5404168085676506
  },
  "phase_noise_clean": {
    "epsilon_bias": 0.03259040646382261,
    "epsilon_drift": 0.01798620996209156,
    "epsilon_corr": 0.04902951290577941,
    "epsilon_leak": 0.04794200833611568,
    "trust_score": 0.9609872852734016
  },
  "phase_noise_noisy": {
    "epsilon_bias": 0.032594372273075885,
    "epsilon_drift": 0.01798620996209156,
    "epsilon_corr": 0.04885657999134553,
    "epsilon_leak": 0.05932263041243293,
    "trust_score": 0.9573032883579509
  },
  "side_channel_injection": {
    "epsilon_bias": 0.06960934704124308,
    "epsilon_drift": 0.01798620996209156,
    "epsilon_corr": 0.1714324916481011,
    "epsilon_leak": 0.6412645965859216,
    "trust_score": 0.666166827977098
  }
}