{
  "ideal": {
    "p_values": [
      0.24361444547675845,
      0.002798741647445472,
      0.6828031378979608,
      0.04981001912233004,
      0.5882541063439204,
      0.9707190119976746,
      0.5158115409641861,
      0.5246011059297058,
      0.46828073239121276,
      0.7819696999933483,
      0.45473873274098303,
      0.7602669753425775,
      0.3494687975562853,
      null,
      null
    ],
    "passed": [
      true,
      false,
      true,
      true,
      true,
      true,
      true,
      true,
      true,
      true,
      true,
      true,
      true,
      null,
      null
    ],
    "pass_rate": 0.9230769230769231,
    "n_bits": 1000000,
    "h_total_eat": 1221456.8723758308,
    "backend": "numpy"
  },
  "small_bias": {
    "p_values": [
      0.32315264819745854,
      0.5218061541386443,
      0.6376233707442673,
      0.335172077737641,
      0.9576636552486645,
      0.2954983632931178,
      0.1348626022227516,
      0.16143716512886144,
      0.058542535607849555,
      0.7987963038178637,
      0.6461155218260277,
      0.017801748332960866,
      0.14690766532162097,
      0.2412101402934443,
      0.3877770526475607
    ],
    "passed": [
      true,
      true,
      true,
      true,
      true,
      true,
      true,
      true,
      true,
      true,
      true,
      true,
      true,
      true,
      true
    ],
    "pass_rate": 1.0,
    "n_bits": 1000000,
    "h_total_eat": 1053909.4856864233,
    "backend": "numpy"
  },
  "large_bias": {
    "p_values": [
      0.3134544622320571,
      0.8392752836049934,
      0.17414106084578582,
      0.1666311749837492,
      0.6338622805037102,
      0.30405215572309474,
      0.26875326832290114,
      0.11449185452165128,
      0.8494574588471555,
      0.23488720808669042,
      0.23001436426519542,
      0.482471878239262,
      0.37485358509309696,
      null,
      null
    ],
    "passed": [
      true,
      true,
      true,
      true,
      true,
      true,
      true,
      true,
      true,
      true,
      true,
      true,
      true,
      null,
      null
    ],
    "pass_rate": 1.0,
    "n_bits": 1000000,
    "h_total_eat": 1121482.2398444084,
    "backend": "numpy"
  },
  "temporal_drift": {
    "p_values": [
      null,
      null,
      null,
      null,
      null,
      null,
      null,
      null,
      null,
      null,
      null,
      null,
      null,
      null,
      null
    ],
    "passed": [
      null,
      null,
      null,
      null,
      null,
      null,
      null,
      null,
      null,
      null,
      null,
      null,
      null,
      null,
      null
    ],
    "pass_rate": 0.0,
    "n_bits": 0,
    "h_total_eat": 0.0,
    "backend": "TE-SI-QRNG",
    "certification_failed": true
  },
  "short_correlation": {
    "p_values": [
      0.9792573384519855,
      0.24405315992263885,
      0.9489696885085613,
      0.3949405114543899,
      0.9092874205040972,
      0.7550364209172629,
      0.9078824332504681,
      0.2176654931337122,
      0.6708764674275727,
      0.2449438016215498,
      0.1452591516889822,
      0.43076423384656104,
      0.6773529731183192,
      0.030934611347618133,
      0.07394698803581692
    ],
    "passed": [
      true,
      true,
      true,
      true,
      true,
      true,
      true,
      true,
      true,
      true,
      true,
      true,
      true,
      true,
      true
    ],
    "pass_rate": 1.0,
    "n_bits": 1000000,
    "h_total_eat": 1220750.2361828473,
    "backend": "numpy"
  },
  "long_correlation": {
    "p_values": [
      0.4283606762330749,
      0.7262947423599823,
      0.8129458520210469,
      0.03970894531818569,
      0.5269969152311923,
      0.4970931472943148,
      0.7679595211910447,
      0.03704109688672103,
      0.07979183758700248,
      0.8649449624565361,
      0.48548444203507984,
      0.9175065454830169,
      0.6191910083601404,
      0.029440280194834075,
      0.3115565888932807
    ],
    "passed": [
      true,
      true,
      true,
      true,
      true,
      true,
      true,
      true,
      true,
      true,
      true,
      true,
      true,
      true,
      true
    ],
    "pass_rate": 1.0,
    "n_bits": 1000000,
    "h_total_eat": 1212186.7067220537,
    "backend": "numpy"
  },
  "weak_attack": {
    "p_values": [
      0.30583527490829276,
      0.7558554550920823,
      0.25468239602874493,
      0.8746300043934686,
      0.6887144531932827,
      0.600927021417659,
      0.6568800629214449,
      0.9608189624387489,
      0.5504126393047722,
      0.8786433402162823,
      0.5061102145685011,
      0.8071290912613284,
      0.42151949396494565,
      null,
      null
    ],
    "passed": [
      true,
      true,
      true,
      true,
      true,
      true,
      true,
      true,
      true,
      true,
      true,
      true,
      true,
      null,
      null
    ],
    "pass_rate": 1.0,
    "n_bits": 1000000,
    "h_total_eat": 1037285.5283565923,
    "backend": "numpy"
  },
  "strong_attack": {
    "p_values": [
      0.3853943326436544,
      0.5173207609940512,
      0.09556319524592997,
      0.660943557277804,
      0.6220960423593839,
      0.8760308937509903,
      0.2710897695121265,
      0.5236228550197477,
      0.11054582204239123,
      0.956435227977113,
      0.10962791942913665,
      0.2745814134257566,
      0.5779851234119422,
      0.046049052539394425,
      0.26136200834689344
    ],
    "passed": [
      true,
      true,
      true,
      true,
      true,
      true,
      true,
      true,
      true,
      true,
      true,
      true,
      true,
      true,
      true
    ],
    "pass_rate": 1.0,
    "n_bits": 1000000,
    "h_total_eat": 1016809.9946051072,
    "backend": "numpy"
  },
  "non_cooperative_weak": {
    "p_values": [
      0.4365690132142475,
      0.8277352270081051,
      0.6110287086210969,
      0.9986366905352009,
      0.8933000163377166,
      0.4912971242158931,
      0.9948870599649196,
      0.8098793514867224,
      0.6544027665840055,
      0.22542872553434334,
      0.3695402876775192,
      0.24422159460228882,
      0.6867084385372002,
      0.1109620992498465,
      0.3247921133492249
    ],
    "passed": [
      true,
      true,
      true,
      true,
      true,
      true,
      true,
      true,
      true,
      true,
      true,
      true,
      true,
      true,
      true
    ],
    "pass_rate": 1.0,
    "n_bits": 1000000,
    "h_total_eat": 1151346.349036358,
    "backend": "numpy"
  },
  "non_cooperative_strong": {
    "p_values": [
      0.3875878905531585,
      0.4700837490484168,
      0.837373949333403,
      0.831260458799945,
      0.24558092111487126,
      0.07207891378177184,
      0.9945896661429069,
      0.2815981023684673,
      0.3838913431603591,
      0.6613511875557534,
      0.13660928894709745,
      0.009170320977735251,
      0.6347196339751189,
      0.07710296678198757,
      0.5025790026310202
    ],
    "passed": [
      true,
      true,
      true,
      true,
      true,
      true,
      true,
      true,
      true,
      true,
      true,
      false,
      true,
      true,
      true
    ],
    "pass_rate": 0.9333333333333333,
    "n_bits": 1000000,
    "h_total_eat": 1151935.314692458,
    "backend": "numpy"
  },
  "realistic_photon": {
    "p_values": [
      0.5092538293426723,
      0.24010018503455058,
      0.8937469905679369,
      0.8175627815675607,
      0.09447009463845467,
      0.21540291898242012,
      0.5506899006812769,
      0.36436883642923673,
      0.9957999051454511,
      0.7646976805327265,
      0.31011496507715436,
      0.3946935462995075,
      0.7719287632384646,
      null,
      null
    ],
    "passed": [
      true,
      true,
      true,
      true,
      true,
      true,
      true,
      true,
      true,
      true,
      true,
      true,
      true,
      null,
      null
    ],
    "pass_rate": 1.0,
    "n_bits": 1000000,
    "h_total_eat": 1096288.7492612114,