{
  "0.05": {
    "bias": 0.05,
    "te_h_min": 0.8549291754420393,
    "te_extraction_rate": 0.8548483581384834,
    "te_trust_score": 0.9261440860843762,
    "si_h_min": 0.8553475288629747,
    "si_extraction_rate": 0.8552674466736389,
    "divergence": 0.0004190885351554874
  },
  "0.1": {
    "bias": 0.1,
    "te_h_min": 0.730379314313609,
    "te_extraction_rate": 0.7302977618345474,
    "te_trust_score": 0.8391835081313047,
    "si_h_min": 0.729735857454834,
    "si_extraction_rate": 0.7296557957610867,
    "divergence": -0.0006419660734606758
  },
  "0.15": {
    "bias": 0.15,
    "te_h_min": 0.6140938702340828,
    "te_extraction_rate": 0.6140139927855327,
    "te_trust_score": 0.7016917228592605,
    "si_h_min": 0.6152508438917327,
    "si_extraction_rate": 0.6151703424045305,
    "divergence": 0.0011563496189977984
  },
  "0.2": {
    "bias": 0.2,
    "te_h_min": 0.5076996438422363,
    "te_extraction_rate": 0.5076196059052196,
    "te_trust_score": 0.550352067568933,
    "si_h_min": 0.5083859446025404,
    "si_extraction_rate": 0.5083056544839736,
    "divergence": 0.0006860485787539838
  },
  "0.25": {
    "bias": 0.25,
    "te_h_min": 0.4080643958792659,
    "te_extraction_rate": 0.40798353036738566,
    "te_trust_score": 0.4345796626808688,
    "si_h_min": 0.4084686405061505,
    "si_extraction_rate": 0.4083878411697305,
    "divergence": 0.00040431080234482053
  },
  "0.3": {
    "bias": 0.3,
    "te_h_min": 0.3158512900631635,
    "te_extraction_rate": 0.3157699933377215,
    "te_trust_score": 0.3613960160062891,
    "si_h_min": 0.3154778161718601,
    "si_extraction_rate": 0.3153969057012764,
    "divergence": -0.000373087636445113
  },
  "0.35": {
    "bias": 0.35,
    "te_h_min": 0.22845640915638193,
    "te_extraction_rate": 0.2283761046277827,
    "te_trust_score": 0.3233681384296707,
    "si_h_min": 0.22806214978019437,
    "si_extraction_rate": 0.2279810670671351,
    "divergence": -0.00039503756064759865
  },
  "0.4": {
    "bias": 0.4,
    "te_h_min": 0.1460259357793238,
    "te_extraction_rate": 0.14594591350241784,
    "te_trust_score": 0.3062491800388334,
    "si_h_min": 0.1458973388057784,
    "si_extraction_rate": 0.145816377746805,
    "divergence": -0.00012953575561283626
  },
  "0.45": {
    "bias": 0.45,
    "te_h_min": 0.06887446224976217,
    "te_extraction_rate": 0.06879352738636614,
    "te_trust_score": 0.2984444380586304,
    "si_h_min": 0.068091343846279,
    "si_extraction_rate": 0.06801098222088021,
    "divergence": -0.0007825451654859261
  }
}