{
  "tau_sweep": {
    "non_cooperative_weak": {
      "mu_attack": 0.05,
      "tau_sweep": [
        0.0,
        0.1,
        0.2,
        0.30000000000000004,
        0.4,
        0.5,
        0.6000000000000001,
        0.7000000000000001,
        0.8,
        0.9,
        1.0,
        1.1,
        1.2000000000000002,
        1.3,
        1.4000000000000001,
        1.5,
        1.6,
        1.7000000000000002,
        1.8,
        1.9000000000000001,
        2.0,
        2.1,
        2.2,
        2.3000000000000003,
        2.4000000000000004,
        2.5
      ],
      "eps_gate_empirical": [
        0.020669999999999966,
        0.022138226007184625,
        0.02382821560476034,
        0.02571394908919533,
        0.02705653615397452,
        0.029059510900351193,
        0.03041799120114408,
        0.03220967991340651,
        0.03503806822862121,
        0.03721993722264316,
        0.038597811431975715,
        0.04093427764118751,
        0.044541598130032,
        0.04587805317478699,
        0.04688561022285331,
        0.051143156007172785,
        0.05128848346636261,
        0.05272080484686792,
        0.05622932745314224,
        0.05633561643835616,
        0.05800627094821065,
        0.06301236626372098,
        0.06391513638794799,
        0.06235458352722201,
        0.06637435742364683,
        0.06900726392251821
      ],
      "yield_empirical": [
        1.0,
        0.920015,
        0.840705,
        0.763885,
        0.689205,
        0.61787,
        0.548935,
        0.485025,
        0.424895,
        0.36956,
        0.31893,
        0.27251,
        0.23102,
        0.194265,
        0.16199,
        0.13384,
        0.109625,
        0.089955,
        0.07256,
        0.0584,
        0.046245,
        0.035985,
        0.028045,
        0.02149,
        0.016535,
        0.01239
      ],
      "eps_gate_bound": [
        0.019947114020071637,
        0.02156543678827341,
        0.023235396202141073,
        0.024954149221462087,
        0.02671890429364053,
        0.02852694425920162,
        0.03037564400593859,
        0.03226248348645416,
        0.03418505672956051,
        0.03614107746007784,
        0.03812838190402453,
        0.04014492930524627,
        0.042188800621629635,
        0.04425819580899126,
        0.046351430041923825,
        0.048466929165563596,
        0.05060322462176562,
        0.052758948048204725,
        0.05493282570964708,
        0.057123672886918525,
        0.059330388320571054,
        0.06155194878245277,
        0.06378740382878026,
        0.06603587077236704,
        0.06829652989884957,
        0.07056861994159773
      ]
    },
    "non_cooperative_strong": {
      "mu_attack": 0.2,
      "tau_sweep": [
        0.0,
        0.1,
        0.2,
        0.30000000000000004,
        0.4,
        0.5,
        0.6000000000000001,
        0.7000000000000001,
        0.8,
        0.9,
        1.0,
        1.1,
        1.2000000000000002,
        1.3,
        1.4000000000000001,
        1.5,
        1.6,
        1.7000000000000002,
        1.8,
        1.9000000000000001,
        2.0,
        2.1,
        2.2,
        2.3000000000000003,
        2.4000000000000004,
        2.5
      ],
      "eps_gate_empirical": [
        0.07989500000000005,
        0.0863696278335584,
        0.09286035715977448,
        0.09910129603256668,
        0.10548081283607225,
        0.11244084273576826,
        0.11919771545569657,
        0.12706856992020144,
        0.13375137259434777,
        0.1408841241479717,
        0.14866307713427185,
        0.15664793341395744,
        0.16423159608440652,
        0.17189887142082694,
        0.1792013899113637,
        0.18429967886508802,
        0.19207069194231674,
        0.19821372610466936,
        0.2046475799204006,
        0.21340929009640663,
        0.22201807528056405,
        0.23115704562641792,
        0.2378452592472945,
        0.24251247920133112,
        0.2493897477624084,
        0.2536997885835095
      ],
      "yield_empirical": [
        1.0,
        0.921765,
        0.84444,
        0.768885,
        0.694605,
        0.624395,
        0.556785,
        0.49249,
        0.432575,
        0.377775,
        0.327805,
        0.28114,
        0.239555,
        0.20291,
        0.169795,
        0.141685,
        0.116845,
        0.09573,
        0.07789,
        0.062755,
        0.050345,
        0.03967,
        0.030955,
        0.02404,
        0.018435,
        0.01419
      ],
      "eps_gate_bound": [
        0.07978845608028655,
        0.08626174715309363,
        0.09294158480856429,
        0.09981659688584835,
        0.10687561717456212,
        0.11410777703680648,
        0.12150257602375436,
        0.12904993394581665,
        0.13674022691824203,
        0.14456430984031135,
        0.15251352761609813,
        0.16057971722098507,
        0.16875520248651854,
        0.17703278323596505,
        0.1854057201676953,
        0.19386771666225439,
        0.20241289848706248,
        0.2110357921928189,
        0.21973130283858833,
        0.2284946915476741,
        0.23732155328228421,
        0.24620779512981109,
        0.25514961531512104,
        0.26414348308946817,
        0.2731861195953983,
        0.2822744797663909
      ]
    }
  },
  "mu_sweep": {
    "mu_values": [
      0.0,
      0.025,
      0.05,
      0.07500000000000001,
      0.1,
      0.125,
      0.15000000000000002,
      0.17500000000000002,
      0.2,
      0.225,
      0.25,
      0.275,
      0.30000000000000004,
      0.325,
      0.35000000000000003,
      0.375,
      0.4,
      0.42500000000000004,
      0.45,
      0.47500000000000003,
      0.5
    ],
    "eps_gate_empirical": [
      0.0006350000000000522,
      0.010624999999999996,
      0.020669999999999966,
      0.03076000000000001,
      0.04049499999999995,
      0.05035999999999996,
      0.06035999999999997,
      0.07025000000000003,
      0.07989500000000005,
      0.08953,
      0.09967999999999999,
      0.10924500000000004,
      0.11873,
      0.12860000000000005,
      0.13770000000000004,
      0.14709499999999998,
      0.15619499999999997,
      0.16523500000000002,
      0.174045,
      0.18298499999999995,
      0.191755
    ],
    "eps_gate_bound": [
      0.0,
      0.009973557010035819,
      0.019947114020071637,
      0.029920671030107458,
      0.039894228040143274,
      0.04986778505017909,
      0.059841342060214915,
      0.06981489907025074,
      0.07978845608028655,
      0.08976201309032236,
      0.09973557010035818,
      0.109709127110394,
      0.11968268412042983,
      0.12965624113046564,
      0.13962979814050147,
      0.14960335515053727,
      0.1595769121605731,
      0.16955046917060893,
      0.17952402618064472,
      0.18949758319068055,
      0.19947114020071635
    ],
    "tau_star": [
      0.0,
      0.0,
      0.0,
      0.0,
      0.0,
      0.0,
      0.0,
      0.0,
      0.0,
      0.0,
      0.0,
      0.0,
      0.0,
      0.0,
      0.0,
      0.0,
      0.0,
      0.0,
      0.0,
      0.0,
      0.0
    ],
    "yield_at_tau_star": [
      1.0,
      1.0,
      1.0,
      1.0,
      1.0,
      1.0,
      1.0,
      1.0,
      1.0,
      1.0,
      1.0,
      1.0,
      1.0,
      1.0,
      1.0,
      1.0,
      1.0,
      1.0,
      1.0,
      1.0,
      1.0
    ]
  }
}