{
  "ideal": {
    "p_values": [
      0.09905670119751901,
      0.1814195527188678,
      0.5120630736416856,
      0.9387211367209112,
      0.15285356389061347,
      0.7725325361310241,
      0.8543413356548122,
      1.0,
      0.5458129262902427,
      0.8036009726124683,
      0.597695242298623,
      0.9004794414346409,
      0.04550026389635843,
      1.3469068752887895e-233,
      0.032445344113063
    ],
    "passed": [
      true,
      true,
      true,
      true,
      true,
      true,
      true,
      true,
      true,
      true,
      true,
      true,
      true,
      false,
      true
    ],
    "pass_rate": 0.9333333333333333,
    "n_bits": 10000000,
    "h_total_eat": 10403350.910003074,
    "backend": "NIST SP800-22 (chunked v3)"
  },
  "small_bias": {
    "p_values": [
      0.44750621950726843,
      0.6789590849518414,
      0.35261591771676704,
      0.7175766172566099,
      0.23413427365278244,
      0.6365011429525695,
      0.4983249660871306,
      1.0,
      0.23890960423048868,
      0.693421331661493,
      0.8645010737945961,
      0.9613879266517227,
      0.14930237361191276,
      2.983976321478554e-220,
      0.4796040893666177
    ],
    "passed": [
      true,
      true,
      true,
      true,
      true,
      true,
      true,
      true,
      true,
      true,
      true,
      true,
      true,
      false,
      true
    ],
    "pass_rate": 0.9333333333333333,
    "n_bits": 10000000,
    "h_total_eat": 10576183.690482393,
    "backend": "NIST SP800-22 (chunked v3)"
  },
  "temporal_drift": {
    "p_values": [
      null,
      null,
      null,
      null,
      null,
      null,
      null,
      null,
      null,
      null,
      null,
      null,
      null,
      null,
      null
    ],
    "passed": [
      null,
      null,
      null,
      null,
      null,
      null,
      null,
      null,
      null,
      null,
      null,
      null,
      null,
      null,
      null
    ],
    "pass_rate": 0.0,
    "n_bits": 0,
    "h_total_eat": 0.0,
    "backend": "TE-SI-QRNG",
    "halted": true
  },
  "large_bias": {
    "p_values": [
      0.12603902460057026,
      0.8843547649342723,
      0.16254296012889302,
      0.9546548783117563,
      0.8145496363146996,
      0.09043869600529046,
      0.471045117508709,
      1.0,
      0.6059773298402915,
      0.9088416401355338,
      0.1474072535131599,
      0.4814435292726858,
      0.00015968702450164325,
      1.71361341040263e-61,
      0.21077758000345903
    ],
    "passed": [
      true,
      true,
      true,
      true,
      true,
      true,
      true,
      true,
      true,
      true,
      true,
      true,
      false,
      false,
      true
    ],
    "pass_rate": 0.8666666666666667,
    "n_bits": 10000000,
    "h_total_eat": 10856913.42672852,
    "backend": "NIST SP800-22 (chunked v3)"
  },
  "short_correlation": {
    "p_values": [
      0.42624767111906847,
      0.2989903850984603,
      0.0030230533077468106,
      0.8637915916430344,
      0.8934304627298977,
      0.6695881876159695,
      0.2540238849696398,
      1.0,
      0.4522408598920634,
      0.007208079131308412,
      0.050034524211238295,
      0.24396120175557828,
      0.5254284149982017,
      0.0,
      0.08313119902311424
    ],
    "passed": [
      true,
      true,
      false,
      true,
      true,
      true,
      true,
      true,
      true,
      false,
      true,
      true,
      true,
      false,
      true
    ],
    "pass_rate": 0.8,
    "n_bits": 10000000,
    "h_total_eat": 10400641.534335533,
    "backend": "NIST SP800-22 (chunked v3)"
  },
  "long_correlation": {
    "p_values": [
      0.2072669376161601,
      0.5302306339426606,
      0.8140969898585327,
      0.8101847193881417,
      0.23871998098408811,
      0.4628692987552162,
      0.7841149766958857,
      1.0,
      0.38784144139996723,
      0.2907868879055742,
      0.08867504070615322,
      0.2533140250325797,
      0.07540385488796059,
      1.898280717595179e-33,
      0.12745308678481881
    ],
    "passed": [
      true,
      true,
      true,
      true,
      true,
      true,
      true,
      true,
      true,
      true,
      true,
      true,
      true,
      false,
      true
    ],
    "pass_rate": 0.9333333333333333,
    "n_bits": 10000000,
    "h_total_eat": 10387870.235545382,
    "backend": "NIST SP800-22 (chunked v3)"
  },
  "weak_attack": {
    "p_values": [
      0.32599963259725795,
      0.9172562135742136,
      0.13529779398525696,
      0.8640037330510959,
      0.36955404514171847,
      0.1909853704997111,
      0.4887061790708146,
      1.0,
      0.9909971403660183,
      0.07227672850187232,
      0.01189740389238746,
      0.015040654530985848,
      0.24462669812371973,
      5.480482650372597e-206,
      0.1373719477140787
    ],
    "passed": [
      true,
      true,
      true,
      true,
      true,
      true,
      true,
      true,
      true,
      true,
      true,
      true,
      true,
      false,
      true
    ],
    "pass_rate": 0.9333333333333333,
    "n_bits": 10000000,
    "h_total_eat": 10639578.11946334,
    "backend": "NIST SP800-22 (chunked v3)"
  },
  "strong_attack": {
    "p_values": [
      0.8480288873964653,
      0.5540436140513234,
      0.3275653769263702,
      0.8769406070649619,
      0.6740467797961233,
      0.1848320983954348,
      0.38987551417500943,
      1.0,
      0.7764254194249837,
      0.15705034791454306,
      0.7862336953440344,
      0.7535246382725511,
      0.37185717266634,
      1.0656303887919465e-85,
      0.3521301969997178
    ],
    "passed": [
      true,
      true,
      true,
      true,
      true,
      true,
      true,
      true,
      true,
      true,
      true,
      true,
      true,
      false,
      true
    ],
    "pass_rate": 0.9333333333333333,
    "n_bits": 10000000,
    "h_total_eat": 10908146.624072306,
    "backend": "NIST SP800-22 (chunked v3)"
  },
  "non_cooperative_weak": {
    "p_values": [
      0.5700722686550966,
      0.9291827241458224,
      0.06948558527425233,
      0.2498135401942443,
      0.8534026523317076,
      0.023694985433883806,
      0.5090066908080844,
      1.0,
      0.8951690024756422,
      0.5416764531872087,
      0.7623264866941623,
      0.39759595563536626,
      0.2693763035524519,
      0.0,
      0.5703019170491224
    ],
    "passed": [
      true,
      true,
      true,
      true,
      true,
      true,
      true,
      true,
      true,
      true,
      true,
      true,
      true,
      false,
      true
    ],
    "pass_rate": 0.9333333333333333,
    "n_bits": 10000000,
    "h_total_eat": 11222454.737190738,
    "backend": "NIST SP800-22 (chunked v3)"
  },
  "non_cooperative_strong": {
    "p_values": [
      0.914880225249101,
      0.17124064567106662,
      0.8115403515793737,
      0.26172132990981095,
      0.22572723205953096,
      0.0012774552827771832,
      0.4484042901627275,
      1.0,
      0.6679326062341977,
      0.1746760798605013,
      0.0010875124430881863,
      0.0028054811446586087,
      0.06769976939487529,
      0.0,
      0.08115447395426778
    ],
    "passed": [
      true,
      true,
      true,
      true,
      true,
      false,
      true,
      true,
      true,
      true,
      false,
      false,
      true,
      false,
      true
    ],
    "pass_rate": 0.7333333333333333,
    "n_bits": 10000000,
    "h_total_eat": 10536033.128921509,
    "backend": "NIST SP800-22 (chunked v3)"
  },
  "realistic_photon": {
    "p_values": [
      0.17814202048598315,
      0.8889466745550749,
      0.7605302836623856,
      0.43127664356377915,
      0.7223273222415654,
      0.9414774452839101,
      0.4016573316820926,
      1.0,
      0.5724237149990947,
      0.6789237497278613,
      0.3291423781070521,
      0.12034826666383927,
      0.11319371909749258,
      4.156905502630639e-178,
      0.16007042812281225
    ],