{
  "ideal": {
    "epsilon_bias": 0.03276827658442908,
    "epsilon_drift": 0.01798620996209156,
    "epsilon_corr": 0.053395280783996905,
    "epsilon_leak": 0.022332251677723455,
    "trust_score": 0.9655505835531532
  },
  "small_bias": {
    "epsilon_bias": 0.07149123869150671,
    "epsilon_drift": 0.01798620996209156,
    "epsilon_corr": 0.12607433917470418,
    "epsilon_leak": 0.020152874308729453,
    "trust_score": 0.9262853842516828
  },
  "large_bias": {
    "epsilon_bias": 0.49841359787465067,
    "epsilon_drift": 0.01798620996209156,
    "epsilon_corr": 0.7802572351571042,
    "epsilon_leak": 0.021645968545252185,
    "trust_score": 0.5368559837198517
  },
  "temporal_drift": {
    "epsilon_bias": 0.9451252829140658,
    "epsilon_drift": 0.01798620996209156,
    "epsilon_corr": 0.9975046881392076,
    "epsilon_leak": 0.0,
    "trust_score": 0.31286811545892235
  },
  "long_correlation": {
    "epsilon_bias": 0.03278378210331606,
    "epsilon_drift": 0.01798620996209156,
    "epsilon_corr": 0.9999999708000986,
    "epsilon_leak": 0.01944060217473312,
    "trust_score": 0.49955615731360214
  },
  "short_correlation": {
    "epsilon_bias": 0.03247415477019332,
    "epsilon_drift": 0.01798620996209156,
    "epsilon_corr": 0.0874970871463367,
    "epsilon_leak": 0.021086423241686948,
    "trust_score": 0.9513213291547004
  },
  "weak_attack": {
    "epsilon_bias": 0.07687804380925313,
    "epsilon_drift": 0.01798620996209156,
    "epsilon_corr": 0.13763349953103593,
    "epsilon_leak": 0.07199531124696996,
    "trust_score": 0.9128793331013737
  },
  "strong_attack": {
    "epsilon_bias": 0.33638042661794043,
    "epsilon_drift": 0.01798620996209156,
    "epsilon_corr": 0.5744351022267749,
    "epsilon_leak": 0.5507019799678086,
    "trust_score": 0.5679341333282568
  },
  "non_cooperative_weak": {
    "epsilon_bias": 0.044428210384694286,
    "epsilon_drift": 0.01798620996209156,
    "epsilon_corr": 0.07702394506299887,
    "epsilon_leak": 0.0,
    "trust_score": 0.9546401671634062
  },
  "non_cooperative_strong": {
    "epsilon_bias": 0.11168548905834871,
    "epsilon_drift": 0.01798620996209156,
    "epsilon_corr": 0.2067396606378997,
    "epsilon_leak": 0.0,
    "trust_score": 0.8821670255237558
  },
  "realistic_photon": {
    "epsilon_bias": 0.03262329771982309,
    "epsilon_drift": 0.01798620996209156,
    "epsilon_corr": 0.054747070725113714,
    "epsilon_leak": 0.023139480212237162,
    "trust_score": 0.9649270025504314
  },
  "degraded_photon": {
    "epsilon_bias": 0.03244396340785603,
    "epsilon_drift": 0.01798620996209156,
    "epsilon_corr": 0.05379626786731488,
    "epsilon_leak": 0.021460834620918932,
    "trust_score": 0.9656098837982151
  },
  "phase_noise_clean": {
    "epsilon_bias": 0.03232416001006395,
    "epsilon_drift": 0.01798620996209156,
    "epsilon_corr": 0.05466495210917386,
    "epsilon_leak": 0.0,
    "trust_score": 0.9669976816789527
  },
  "phase_noise_noisy": {
    "epsilon_bias": 0.032447724198068635,
    "epsilon_drift": 0.01798620996209156,
    "epsilon_corr": 0.052294547166729086,
    "epsilon_leak": 0.0,
    "trust_score": 0.9679411548172442
  },
  "side_channel_injection": {
    "epsilon_bias": 0.06942471841684743,
    "epsilon_drift": 0.01798620996209156,
    "epsilon_corr": 0.16504218254645947,
    "epsilon_leak": 0.6456700810084363,
    "trust_score": 0.6648611963658944
  }
}